題號,題目,選擇A,選擇B,選擇C,選擇D,答案,圖片
1,一般電路可分為幾多類？,一類,兩類,三類,四類,D,
2,第三類電路是指：,低壓,高壓,消防,通訊,C,
3,作通訊用之蜂鳴電路視為：,第一類電路,第二類電路,第三類電路,第四類電路,B,
4,三相四線供電系統之其中一相開路時，會導致：,其餘兩相將沒有電流經過,其餘兩相不會受影響,其餘兩相電流會增加,其餘兩相電流會減少,B,
5,三相電路上的單相負荷需平衡接駁，其目的是：,確保各相的電壓相同,減少中性線電流流量,維持星點的狀態,確保電路上保護器有效的操作,B,
6,配電箱內選用不同顏色標誌的作用是：,識別線路,高低壓,美觀,方便安裝,A,
7,如固定器具額定電流超過多少安培，或在任何一相的額定電流值超過裝置的最高需求量的一半，應接駁三相電源：,15安培,30安培,60安培,100安培,B,
8,超過多少瓦的熱水器，必須先得到電力公司准許才能安裝？,3KW,4KW,6KW,8KW,C,
9,本港電力公司供電的交流電波形是：,方波,正弦波,鋸齒波,三角波,B,
10,那一種波形不屬於交流電：,A,B,C,D,B,Q10.png
11,交流電的頻率單位是：,安培,法拉,庫倫,赫茲,D,
12,頻率為50Hz的交流電，其週期為多少秒？,1,0.5,0.02,0.01,C,
13,在50Hz的頻率下光管每秒內會熄滅多少次？,2,50,100,200,C,
14,三相交流電路中，每相的相位差爲：,30°,45°,90°,120°,D,
15,橫過道路的電纜離地面應不少於多少米？,3m,5.2m,5.8m,6.5m,C,
16,橫過行人路的電纜離地面應不少於多少米？,3m,5.2m,5.8m,6.5m,B,
17,浴室內的熱水器，其接線箱應安裝在什麼位置？,熱水器旁的適當位置,室內雙極開關掣旁,室外適當位置,室外雙極開關掣旁,A,
18,架空電纜是以下列那一項作絕緣材料？,漆皮,空氣,瓦,聚氯乙稀,B,
19,橫跨樓宇間之架空PVC電線，其跨距不能超過多少米？,5.2m,5.8m,3m,30m,D,
20,根據《IEE佈線規例》，任何PVC電線作高空懸掛，必須要附有：,金屬拉線,保護導線,鋼質導管,金屬線槽,A,
21,用帶扣固定的電纜，其外直徑不應該超過多少？,10平方毫米,10毫米,25平方毫米,25毫米,B,
22,直接埋於地下的裝甲電纜如屬低壓，其深度最少為：,0.45m,1m,1.5m,足夠深度以避免受破壞,A,
23,香港供電三相電壓為：,220V,246V,200V,380V,D,
24,電壓的單位是：,伏特,安培,歐姆,瓦特,A,
25,電力公司公佈其低壓供電系統的電壓，不會超過其標稱電壓的：,±2.5%,±4%,±6%,±10%,C,
26,交流電的低電壓是指一般高於特低電壓，但在各導體之間的電壓不超過多少伏特？,600V,900V,1000V,1500V,C,
27,直流電的低電壓是指一般高於特低電壓，但在各導體之間的電壓不超過多少伏特？,600V,900V,1000V,1500V,D,
28,交流電的低電壓是指一般高於特低電壓，但在各導體與大地之間的電壓不超過多少伏特？,600V,900V,1000V,1500V,A,
29,直流電的低電壓是指一般高於特低電壓，但在各導體與大地之間的電壓不超過多少伏特？,600V,900V,1000V,1500V,B,
30,右圖中A電壓為多少伏特:,138伏特,346伏特,380伏特,415伏特,A,Q30.png
31,一般交流電，如沒有特別標明，其電壓或電流值都是：,有效值,平均值,峰值,瞬時值,A,
32,交流電電壓220V根均方值(r.m.s)即指：,平均值為100V,永不升越220V,有效值為220V,其週波乃方形,C,
33,香港供電系統所容許之電壓降最多為：,0.02,0.025,0.04,0.06,C,
34,並聯電路的總電壓等於該電路內：,各負載之端電壓,所有電壓降之和,所有電壓降之差,所有電壓降之商,A,
35,串聯電路的總電壓等於該電路內：,各負載之端電壓,所有電壓降之和,所有電壓降之差,所有電壓降之商,B,
36,高壓輸電的優點是降低輸電電線的：,電流,電壓,電量,電功率,A,
37,新界地區之超高壓電纜的電壓是多少？,275KV,400KV,132KV,33KV,B,
38,港島地區之超高壓電纜的電壓是多少？,275KV,400KV,132KV,33KV,A,
39,香港現時之一般配電電壓是：,"200/400V,50Hz","220/346V,50Hz","220/380V,50Hz","200/346V,50Hz",C,
40,香港現時的高壓架空輸電線的最高電壓是：,66KV,132KV,275KV,400KV,D,
41,公眾易接觸到的照明裝置需要：,由三相346V供電,由單相220V供電,由30V直流電供電,由110V之安全絕緣變壓器供電,D,
42,工廠及工業經營(電力)規例，下列那一項是合符「低壓電」之定義範圍？,指各導體之間電壓不超過1000伏特交流電,指各導體之間電壓不超過1200伏特交流電,"高於「特低電壓」,但各導體之間電壓不超過1000伏特交流電","高於「特低電壓」,但各導體之間電壓不超過1200伏特交流電",C,
43,根據英國電機工程師學會佈線裝置規例(十六版)，超低電壓是？,不超過50伏特(交流)或120伏特(直流),50伏特至100伏特之間(交流),100伏特至200伏特之間(交流),120伏特至200伏特之間(交流),A,
44,吊扇盒只能用於以下那種電壓之上？,220V,380V,415V,500V,A,
45,一般電鐘，電鬚刨供電位在電力負荷的計算上可視作：,10W,20W,50W,不予計算,D,
46,在一純電感的交流電路上，流經電感器之電流比電壓：,超前90°,滯後90°,超前180°,滯後180°,B,
47,在一純電容的交流電路上，流經電容器之電流比電壓：,超前90°,滯後90°,超前180°,滯後180°,A,
48,選擇電纜粗幼，取決於：,電壓降,電流負荷及電壓降,載流量,用戶,B,
49,電纜長50M，保護熔絲為30A，若其電壓降為5mV/A/M，負載電流為25A，求總電壓降：,2.5伏特,5伏特,6.25伏特,7.5伏特,C,
50,上升總線線槽內，每樓層應安裝：,防水堤,隔火障,抽氣扇,指示牌,B,
51,多少層的樓宇(包括地下)須要安裝上升總線：,2,3,4,5,C,
52,決定屋內配線導體大小因素為：,電壓降、施工方法,安全電流、電壓降,建築條例、安全電流,安全電流、消防條例,B,
53,在垂直安裝的線槽內，放置防熱隔板的最長距離，不可超過：,1m,3m,5m,9m,C,
54,接駁上升總線與分支保護裝置的分支線長度不可超過：,1m,2m,3m,5m,C,
55,在垂直安裝的線槽內，應在每隔多少公尺距離上加上線夾或電線支柱？,3m,4m,5m,6m,C,
56,在大廈總掣附近應裝有：,總掣主要配件的廠名及規格,主要配電系統的電路圖,「危險請勿接近」的字句,「非熟練人員不准接近」的字句,B,
57,根據《中華電力有限公司》規定，在有上升總線設備之多層樓宇內，電錶的位置通常設在：,大廈入口處,每戶總開關之前1m處,每戶之屋內,每層樓接近上升總線之分支處,D,
58,根據《中華電力有限公司》規定，用戶電錶及電力公司上升總線之間：,必須裝有適當的熔斷器,必須裝有適當的開關及隔離器,必須裝有適當的警告字句,無須任何裝置,B,
59,安裝大廈上升總線時，必須同時安裝：,警鐘導線,上升接地導線,上升公共天線,公共電話導線,B,
60,電力公司規定用作上升總線接地的銅導線，截面積應不得少過：,16mm²,35mm²,50mm²,70mm²,D,
61,上升總線鋁接地導線的截面最少：,35mm²,50mm²,70mm²,150mm²,D,
62,在三相四線供電系統中，上升總線之中性線必須：,大於相導線,不可少於相導線,等於相導線的一半,視環境而定,B,
63,設在多層大廈的上升匯流排，應有適當安排以用作：,匯流排之移動,保護匯流排防止浸蝕,匯流排之膨脹或收縮,保護匯流排以免受雷電干擾,C,
64,影響匯流排接駁位接觸面電阻的主要因素是：,接觸面的狀況,所施的壓力,接觸面的絕緣材料,所施的電壓,A,
65,根據電力公司規定，三相裝置之每一插座及配電箱應永久髹上適當的：,容量數值,相位顏色,插座型號,安裝日期,B,
66,電掣房發生電力故障時，緊急照明最少維持多少分鐘？,30分鐘,60分鐘,90分鐘,二小時,A,
67,一個額定值不超逾100A的低壓開關前面的工作空間最少為：,600mm,800mm,900mm,1000mm,A,
68,根據《香港電燈有限公司》規定，用戶在公眾地方安裝電錶板時，錶底部離地面不能少於：,800mm,1350mm,1600mm,1850mm,C,
69,根據《香港電燈有限公司》規定，用戶在電錶房或電掣櫃安裝電錶板，錶板頂部離地面不能少於多少毫米？,1200,550,900,750,C,
70,根據《中華電力有限公司》規定，用戶電錶板安裝的位置，其離地面不能超過：,1250mm,1640mm,2000mm,2200mm,C,
71,根據《香港電燈有限公司》規定，用戶電錶板安裝的位置，其離地面不能超過：,1250mm,1640mm,2000mm,2200mm,D,
72,下列那一項並非電力公司批准使用之上升總線系統：,單膠絕緣導線裝於電錶房等範圍內,有適當支撐的金屬外殼類電纜及礦物絕緣電纜,單膠絕緣導線以線夾裝於線槽或線管內,以鐵槽將裸導體完全封閉,A,
73,大廈總掣與電力公司之間的總開關應為：,絕緣,防水,抽出,隱藏,C,
74,根據《中華電力有限公司》規定，裝設在建築地盤內的160A或以下電錶箱必須防風雨及離地面高度不少於：,1250mm,1350mm,1450mm,1550mm,B,
75,根據電力公司規定，電錶之快慢若不超過下列的數值仍可當準確論：,快2.5%，慢2.5%,快3.5%，慢3.5%,快2.5%，慢3.5%,快3.5%，慢2.5%,C,
76,在熔斷器式配電箱內的電路圖，其用途是：,提供負荷的資料,提供過流保護裝置的資料,總負荷的資料,提供每一熔斷器所保護的線路的資料,D,
77,若接地環路阻抗過高，應用甚麼作接地故障保護：,小型斷路器,電流式漏電斷路器,電壓式漏電斷路器,真空式斷路器,B,
78,微型斷路器(MCB)過載時，利用什麼原理把電流中斷：,電力,電子力,氣動力,磁動力或熱片,D,
79,那一項不適合作接地故障保護？,熔斷器,電流式漏電斷路器,斷路器,電壓式漏電斷路器,D,
80,"供應220V,3.3KW的線路，其過流保護的熔絲額定值為：",10A,15A,20A,30A,B,
81,俗稱「水氣掣」的電路安全裝置的正確名稱是？,電路過荷器,漏電斷路器,電路安全掣,MCB,B,
82,住宅內的手提電熱器不能用於下列地方：,房,露台,車房,浴室,D,
83,固定裝置如出現過載，有關器件應在多久時間內切斷電源：,0.1s,0.45s,4s,5s,D,
84,固定電力裝置電路的保護器件在發生接地故障時，應在甚麼時間內切斷電源？,5秒,0.5秒,0.4秒,30毫秒,A,
85,過流保護裝置除了可切斷過載電流外，還可切斷什麼電流？,短路,漏電,滿載,起動,A,
86,微型斷路器(MCB)上所刻的「M6」標誌是代表甚麼？,過流量大於60A,在短路時斷流容量是6KA,斷路器特性是第六類,斷路器的本身編號,B,
87,在單相交流電路中，熔斷器的正確安裝方法是：,裝於中性線上,裝於相線上,同時裝於中線及相線上,裝於保護導線上,B,
88,在單相交流電路中，熔斷器與其他電器的連接方法是：,串聯連接,並聯連接,沒有任何連接,串聯並聯都可以,A,
89,在三相四線的交流電路中，熔斷器的正確安裝方法是：,裝於任何一相上,裝於任何兩相上,裝於三相上,裝於四條線上,C,
90,单相供電系統中，單極開關掣應接駁電路之：,相線上,保護導線上,中性線上,相線和中性線上,A,
91,BS3036熔斷器用作過流保護時的校正因數是：,0.333,0.5,0.725,1.333,C,
92,半封閉式熔斷器之英國標準是：,BS88,BS3036,BS1363,BS148,B,
93,小型斷路器之英國標準是：,BS88,BS3036,BS1361,BS3871,D,
94,高斷流量的全封閉熔斷器之英國標準是：,BS88,BS3036,BS1361,BS3871,A,
95,線路保護裝置的啟動電流不能超過線路任何導體最低載流量的：,1倍,1.45倍,2.5倍,6倍,B,
96,配電箱中所選用的MCB，其額定值應為負載電流的多少倍：,0.725,1,1.45,1.732,B,
97,「過流」是形容「過載電流」及：,諧波電流,熔斷電流,接地故障電流,短路電流,D,
98,防止過大電流通過，應用：,保護熔絲,加大線徑,雙重絕緣,減短電線長度,A,
99,電路的過流保護可用以下那個方法提供：,開關器,小型斷路器,等電位接駁,漏電保護器,B,
100,斷路器比熔斷器較優勝的原因之一是：,容易安裝,可作短路及過載保護,美觀,其「開」、「關」位置容易察看,D,
101,一般住宅或類似屋宇用的全封閉管型熔斷器之英國標準為：,BS1361,BS1363,BS1362,BS3036,A,
102,熔斷器或斷路器的主要功用是防止電路產生：,熱,火花,漏電,超額電流,D,
103,高斷熔量熔斷器瓷管內之矽沙的作用是當熔斷器熔斷時：,減低電流,減低電壓,減低振動,減低火花,D,
104,為防範過載及短路，電路可使用適當之熔斷器或：,斷路器,開關掣,隔離器,電容器,A,
105,上升總線至每層樓後的分支保護，一般採用管型熔斷器，而不用小型斷路器，其原因是：,操作較容易,價錢較便宜,熔斷器比小型斷路,一般小型斷路器並不能承受在這處發生的「預期短路電流」,D,
106,配電箱內15安培斷路器可連接5安培蘇座多少個？,0,1,2,3,A,
107,用於插座電路觸電保護的漏電斷路器，其靈敏度不可超過：,13A,3A,0.3A,0.03A,D,
108,13A環型插座電路可提供不限數目的插座，但面積不能超過：,200m²,100m²,50m²,20m²,B,
109,一個13A環型插座電路，其供電面積為100m²，過流保護裝置為30A，若用銅導體PVC絕緣的導線，其最少截面積為：,1.0mm²,1.5mm²,2.5mm²,4.0mm²,C,
110,螺紋燈座的螺紋金屬接點應接駁電路之：,相線上,中性線,保護導體,三者都不是,B,
111,一個13A放射式插座電路，其供電面積為20m²，過流保護裝置為20A，若用銅導體PVC絕緣的導線，其最少截面積為：,2.5mm²,3.4mm²,1.5mm²,1mm²,A,
112,安裝插座距離工作台不少於：,50mm,75mm,150mm,200mm,B,
113,一個13A放射式插座電路，其供電面積為50m²，過流保護裝置為30A，若用銅導體PVC絕緣的導線，其最少截面積為：,2.5mm²,3.4mm²,1.5mm²,1mm²,B,
114,最終電路以放射形電路佈線，插座的數目不受限制，保護器件最高額定值是：,13A,20A,30A,32A,D,
115,當一個環形電路內的導線發生「開路」故障時，會出現下列何種現象？,電力供應中斷,過荷,供應的電力會減少,電力供應至一半,B,
116,住宅用途或同類用途的插座應為：,機械保護,保護活門,開關掣,漏電保式,B,
117,那一項是不正確的：,每一個最終電路只能供電給一個由5A電路供電的5A插座,每一個最終電路只能供電給一個由13A電路供電的13A插座,每一個最終電路只能供電給一個由15A電路供電的15A插座,每一個最終電路只能供電給一個需要量超過3KVA之固定用電器具,B,
118,接駁至環形最終電路之有熔絲分支電路，數目不受限制，但其電量需求最高只限多少安培？,5A,13A,15A,30A,B,
119,那一種電路必須用30mA啟動電流的漏電斷路器作為保護？,任何電路,固定裝置電路,插座電路,濕度高的地方之電路,C,
120,建築地盤內所應用的插座，插頭的類型應為：,防濺式,防火式,防水浸式,有保護鐵罩式,A,
121,面對已安裝妥之15A插座，其相線應接於：,左邊,右邊,上邊,任意,B,
122,單位內空氣調節機使用13A環形插座，應安裝：,保險絲,開關掣,任意安裝,指示燈,B,
123,甚麼插座不能使用環形線路：,13A,5A,15A,工業插座,D,
124,BS1363是指：,2A插座,5A插座,13A插座,15A插座,C,
125,那幾種設備可佈置在同一電路？(i)照明(ii)插座(iii)抽氣扇(iv)空氣調節機,(i)及(ii),(ii)及(iii),(i)及(iii),(ii)及(iv),C,
126,根據《香港電燈有限公司》規定，裝修使用臨時電力供應的電錶與電力公司上升總線間：,要裝有適當的斷路器,要裝有適當的警告字句,要裝有適當的電流式漏電斷路器,無須任何裝置,C,
127,浴室不應裝有：,供電插座,照明系統,開關掣,電器用品,C,
128,浴室內的熱水器，其開關掣應安裝在：,無規定,浴室內,浴室外,配電箱附近,C,
129,臨時供電裝置用以懸掛橫過馬路之電纜，以下哪種材料不可用作支撐？,混凝土,木,鋼,膠,D,
130,浴室內於水龍頭或花灑2.5公尺內的照明燈應為：,美觀,防爆,防濺,防盜式。,C,
131,那種方法不能作基本保護：,等電位接駁,設置障礙物,設置外殼,絕緣,A,
132,若沐浴間並不設在浴室內，則插座與沐浴間的距離不得少於：,4m,3m,2.5m,1.5m,C,
133,在花灑或浴缸使用者可達到的範圍內，不可以裝設有：,任何固定電氣裝置,有指示燈的發熱電氣裝置,有開關的固定發熱電氣裝置,可觸及其發熱元件之固定電氣裝置,D,
134,燈掣離地面之高度通常為多少毫米？,1150mm,1250mm,1350mm,1450mm,C,
135,每一炊具是由專用的放射形最終電路供電，並用一個開關控制，兩者距離不可超過：,1.2m,2m,2.5m,3m,B,
136,導線在絕緣測試中所量度的數值最少為多少才算合格：,0.5Ω,0.5MΩ,1MΩ,100MΩ,C,
137,例行固定電力裝置檢查及測試，需由下列人仕負責：,業主,電力公司,機電工程署,住客,A,
138,低壓固定電力裝置的檢驗和測試，要多久便須進行一次：,一年,三個月,三年,五年,D,
139,臨時電力裝置的檢驗和測試，要多久便須進行一次：,一年,經常,六個月,九個月,B,
140,裝置安裝完成後，承辦商及註冊電業工程人員需簽發：,WR1,WR2,URI,UR2,A,
141,定期測試證明書(表格WR2)須由用戶保存以備日後查核。,機電工程署,消防署,電力公司,電業承辦商,A,
142,表格WR1簽署後應交由誰保存。,機電署,用戶,電業承辦商,註冊電業工程人員,B,
143,低壓固定電力裝置額定電流超逾多少安培時，必須最少每5年作一次定期檢查、測試及領取証書：,60A,100A,200A,400A,B,
144,工廠或工業經營內的固定裝置額定電流超逾多少安培，須最少五年作一次檢查、測試及領取證明書：,60,100,200,400,C,
145,固定電力裝置擁有人應於檢查及測驗證明書發出後幾星期內將該證明書呈交署長加簽？,2,4,5,6,A,
146,註冊電業承辦商有責任保存檢查及測試記錄最少：,2年,3年,5年,10年,C,
147,供電系統之電壓為220伏特，其絕緣測試電壓為：,500伏特交流,500伏特直流,1000伏特交流,1000伏特直流,B,
148,配電箱中，個別導體絕緣測試分別為100兆歐姆，50兆歐姆，10兆歐姆及0.1兆歐姆，其總絕緣電阻為：,100兆歐姆,50兆歐姆,0.1兆歐姆以上,0.1兆歐姆以下,D,
149,進行相極之絕緣電阻測試時，主要是量度什麼？,環形電路測試,接地極電阻測試,相極之絕緣電阻測試,電氣連續性測試,C,Q149.png
150,進行對地絕緣電阻測試時，其接線方法為：,極性測試,發熱線的連續性,接地阻抗,對地絕緣電阻測試,D,Q150.png
151,右圖正在進行那種測試？,極性測試,絕緣測試,接地故障環路,元件的連續性,A,Q151.png
152,右圖是進行甚麼測試？,電氣連續性測試,接地極電阻測試,絕緣測試,相極測試,A,
153,環形電路須由那裡開始做導體連續性測試？,配電箱,第一個插座,電路中間,最後一個,A,
154,電流式漏電斷路器應每隔多久試驗一次？,每一個月,每三個月,每半年,每一年,B,
155,大型的電氣裝置進行絕緣測試時，可以分組進行，但每組的供電點不能超過多少個？,20,50,100,200,B,
156,測試接地故障環路阻抗應用下列那種儀表：,歐姆表,阻抗表,萬用表,水氣掣試驗表,B,
157,電氣裝置的絕緣測試，其目的是確保：,所有出線口已接地,沒有過大的漏電電流,導線的電阻足夠高,導線的電阻足夠低,B,
158,測量三相系統中紅黃藍相是否正常，應用下列那種儀器：,頻率計,電壓表,相序表,功率表,C,
159,使用安培表測量電路之電流，安培表應與電路負載：,串聯,並聯,串並聯,任意接駁,A,
160,使用伏特表測量電路之電壓，伏特表應與電路負載：,串聯,並聯,串並聯,任意接駁,B,
161,若對供電系統有疑問時，應向哪裡取得資料才動工？,地政署,屋宇署,機電署,電力公司地區辦事處,D,
162,接駁電箱電線，須得誰同意？,機電署,業主,電力公司,工務局,C,
163,電力公司電錶至用戶總掣箱之間的連接，應由甚麼人士安裝及維修：,用戶,電力公司,機電工程處,業主,A,
164,電熱水器、冷氣機或大負載電流用具應選用哪種開關？,單極開關,雙極開關,光電開關,光暗開關,B,
165,雙極互連開關的作用是：,同時隔離或閉合兩極的電線,以一動作把兩極接駁至同一電源,允許開關用於直流或交流電,避免兩極短路,A,
166,下列那類器件不可用作電源隔離設備：,絕緣開關掣,光電式開關掣,消防開關掣,隔離開關掣,B,
167,如須要隔離電源進行維修電力裝置，以下那一種方法為最安全？,關上電源的開關掣及貼上警告性標誌,拔掉電路內的保險絲,關上電源,關上隔離開關,C,
168,以下那一項並不是隔離器必需要有的條件：,隔離器要有效地把帶電導線和有關電路切斷,隔離器要能抵受電路的「預期短路電流」,隔,隔離器在斷開時，各觸點的距離要符合一定的規格,B,
169,電燈開關掣可用作：,隔離器,機械性開關,過流保護,以上皆不可,D,
170,BS4568鋼燈喉彎位的內彎半徑為其外直徑幾倍：,1.5,2,2.5,4,C,
171,聚氯乙烯導管彎位的內半徑最少為其外直徑的多少倍？,2.5倍,4倍,6倍,8倍,B,
172,選擇電線所按照的規格是：,英國電機工程師學會,機電工程署,電力公司,用戶,A,
173,銅皮線90彎位的內徑不應少於銅皮線本身直徑的多少倍？,2,4,6,8,C,
174,安裝聚氯乙烯或鋼導管應每隔2個彎位或每隔多少長度直喉須安裝配線盒？,15米,20米,25米,30米,A,
175,右圖所示燈喉尺寸那項正確：,a,b,c,d,A,Q175.png
176,水平安裝的金屬喉管，其支承物的間距不能超過：,1.75m,2.0m,2.5m,3.0m,A,
177,如用作一般用途，軟導管長度不應超過：,0.5米,1米,1.5米,2米,B,
178,以下那種導管系統不適合安裝在極寒冷的溫度下：,鋁管,鋼管,塑膠管,軟金屬管,C,
179,普遍使用的燈喉直徑為：,"12mm,16mm,25mm,32mm","16mm,20mm,25mm,32mm","18mm,22mm,28mm,36mm","20mm,25mm,28mm,",B,
180,香港現時所採用的供電系統是TT系統，此系統的首個T字是代表：,電力公司的供電中性點接地,電力公司的供電中性點不接地,用戶的電氣裝置獨立接地,用戶的電氣裝置不接地,A,
181,TT系統的次個T字是代表：,電力公司的供電中性點接地,電力公司的供電中性點不接地,用戶的電氣裝置外露非帶電金屬部份獨立接,用戶的電氣裝置外露金屬部份不接地,C,
182,那一個是三相四線比三相三線較優勝的原因？,不用設置接地保護導線,此系統可構成一星點作避雷作用,此系統可滿足「TT」系統的要,系統上不平衡的電流可以經中性線回歸,D,
183,那一項是不能夠引用英國電機工程師學會的電器佈線裝置規例？i)電訊系統ii)礦場的電氣裝置iii)汽車的電機設備iv)船上的電機設備,"i,ii,iv","i,ii,iii,iv","ii,iii,iv",iii和iv,D,
184,右圖「TT」系統的「E」點應接往：,一獨立的接地極,電源中性點,圖中的「C」點,金屬水喉,A,Q184.png
185,香港電力公司所採用的供電接地系統是屬於：,TTN,TNT,TT,TTT,C,
186,由客戶總接地終端連接至電力公司變壓器接地極之等電位接駁銅導線最少截面積應為多少？,50mm²,150mm²,80mm²,90mm²,B,
187,接駁至電力公司的接地之總等電位接駁銅導線的最少截面積為：,50mm²,70mm²,80mm²,90mm²,B,
188,那類屬於非電氣裝置的金屬部份：,金屬洗手盆,電線導體,金屬配電箱,電爐的發熱線,A,
189,在佈線系統中，下列那一項不須作等電位接駁：,總水喉管,建築物的金屬部份,非電氣裝置,外露非帶電金屬部份,C,
190,線路的保護導體是用作連接：,外露非帶電金屬部份至總接地終端,電氣裝置之總接地終端至接地極,總煤氣管、水管、通風氣槽與可觸摸之金屬結構至總接地終端,兩外露非帶電金屬部份，或非電器裝置金屬部份和外露非帶電金屬部份,A,
191,接地導體是用作連接：,外露非帶電金屬部份至總接地終端,電氣裝置之總接地終端至接地極,總煤氣管、水管、通風氣槽與可觸摸之金屬結構至總接地終端,兩外露非帶電金屬部份，或非電器裝置金屬部份和外露非帶電金屬部份,B,
192,總等電位接駁導體是用作連接：,外露非帶電金屬部份至總接地終端,電氣裝置之總接地終端至接地極,總煤氣管、水管、通風氣槽與可觸摸之金屬結構至總接地終端,兩外露非帶電金屬部份，或非電器裝置金屬部份和外露非帶電金屬部份,C,
193,輔助等電位接駁導體是用作連接：,外露非帶電金屬部份至總接地終端,電氣裝置之總接地終端至接地極,總煤氣管、水管、通風氣槽與可觸摸之金屬結構至總接地終端,兩外露非帶電金屬部份，或非電器裝置金屬部份和外露非帶電金屬部份,D,
194,根據電力公司的供電條例，用戶的接地裝置是由誰負責？,電力公司,機電工程署,用戶,承辦商,C,
195,接駁至非電氣裝置的導電體之總等電位接駁銅導線截面積在任何情況下不能少於多少？,4mm²,6mm²,10mm²,16mm²,B,
196,輔助等電位接駁導線若無機械性保護其最少截面積應為多少？,1.5mm²,2.5mm²,4mm²,6mm²,C,
197,輔助等電位接駁導線若有機械性保護其最少截面積應為多少？,1.5mm²,2.5mm²,4mm²,6mm²,B,
198,在浴室內採用的輔助等電位接駁導線，若無機械性保護，不可少於：,1mm²,1.5mm²,2.5mm²,4mm²,D,
199,沒有機械性保護的獨立電路保護導線(銅)，其最少截面積為：,1.5mm²,2.5mm²,4mm²,6mm²,C,
200,那一項不能視作有效的接地極？,金屬煤氣喉,建築物鋼筋,藏於地基的接地棒,不受腐蝕的電線金屬護蓋,A,
201,哪一項不能作接地用途？,銅網,銅水管,銅棒,銅帶,B,
202,良好的接地系統應為：,高電阻,低電阻,開路,低導電性能,B,
203,直接埋於地下有絕緣皮的銅接地導體最少截面積應為多少？,10mm²,16mm²,25mm²,50mm²,B,
204,直接埋於地下之光身銅接地導體最少截面積應為多少？,10mm²,16mm²,25mm²,50mm²,C,
205,一段線槽與另一段線槽之接駁位通常應如何處理以維持良好電氣連續性？,用銅片接駁駁口兩端,用螺絲固定駁口兩端,用銼除去披鋒,用保護導體接駁駁口兩端,A,
206,假如線路相導體之截面積為4mm²，保護導體之最少截面積為：,1.5mm²,2.5mm²,4.0mm²,6.0mm²,C,
207,一般PVC銅電線的「K」值是多少？,125,115,93,76,B,
208,若用計算方法求取保護導體的截面積，可用下列那一公式：,S=I²t÷K,S=√(I²t)÷K,S=√(I²t+K),S=It²÷,B,
209,假如線路相導體之截面積為25mm²，保護導體之最少截面積為：,10mm²,16mm²,25mm²,50mm²,B,
210,假如線路相導體之截面積為50mm²，保護導體之最少截面積應為：,10mm²,16mm²,25mm²,50mm²,C,
211,銅保護導線多少平方毫米以下不能沒有絕緣膠皮？,2.5,16,25,35,A,
212,安裝大廈接地導線，沒有防腐保護最少為多少平方毫米？,16,25,50,75,B,
213,非電器裝置金屬部份需要提供等電位接駁，其作用是：,防止中性電流流進金屬部份,確保彼此的電位一樣,預防短路電流,防止接地,B,
214,單支雙膠保護導線最少要多少平方毫米？,1.5,2.5,4,6,B,
215,「水線」的另一名稱是：,黃綠線,保護導線,中性線,地線,B,
216,銅接地棒的直徑最少多少？,10mm,12.5mm,16mm,70mm,C,
217,電氣裝置接地的目的是：,接地短路故障保護,避免外露金屬部份帶電,使極性測試可以進行,避免中性導線產生電壓,A,
218,電氣用具的金屬外殼必須接地，其理由是防止甚麼情況下產生危險？,過載,漏電,過熱,火花,B,
219,電氣裝置金屬部份那一項是需要由保護導線連接至總接地終端：,非金屬附件之螺絲,物件的所有金屬外殼,個別之小件金屬，例如螺絲、鉚釘、銘牌及電線夾,用作保護非金屬外皮電纜免受機械性損壞之短截金屬管,B,
220,金屬軟電線喉管：,可用作接地用途,不可用作接地用途,不可用作機械性保護,可作為中性線用途,B,
221,在配電箱內為防止觸及電導體，應設有：,警告牌,臨時性接地措施,絕緣擋板,漏電保護裝置,C,
222,當漏電斷路器感應到有漏電時，該器件之切斷電源時間不應超過：,0.4s,4s,40s,400s,A,
223,臨時電力裝置中，經常移動之電纜應採用以下哪種？,孖支孖膠線,單膠線,銅皮電線,三芯孖膠軟線,D,
224,導體的電阻與它的截面積：,成反比,成正比,一樣,無關係,A,
225,導體的電阻與它的長度：,成反比,成正比,一樣,無關係,B,
226,軟電線支承懸吊照明器時，該電線所支承的重量不應超過：,2千克,3千克,4千克,5千克,D,
227,用0.75平方毫米軟線連接吊燈，最重負荷為多少公斤？,2公斤,3公斤,4公斤,5公斤,B,
228,導線以絞合方式製成，其主要目的是：,增強導電性能,減少電阻,增加柔軟性,容易製造,C,
229,一條7/0.85mm的PVC電線，7是代表：,電線用7號銅線,電線導體的截面積為7mm,電線用了7mm直徑的鋼線,電線內有7條,D,
230,現今香港的樓宇佈線工程，常使用的電線以甚麼絕緣物為主？,橡膠,硫化膠,氧化鎂,聚氯乙稀,D,
231,電線喉管內的電線數目不應超過其空間面積的：,0.4,0.5,0.55,0.65,A,
232,下列那種電線不適宜用於油站內的裝置？,有裝甲的PVC電線,PVC電線藏於軟金屬喉內,有PVC外套的銅皮電線,PVC電線藏於厚,B,
233,電纜的表面上刻有600/1000V電壓值，其中600V是指：,導線與導線間之耐壓值,導線與地線間之耐壓值,相線與中性線間之耐壓值,中性線與保護導線間之耐壓值,B,
234,同一線路的交流電線應該放在同一金屬導管內，其原因是防止：,產生渦流,電路過載,安裝困難,電壓降過大,A,
235,無護套的電線只可：,用於明線上,藏於耐熱材料內,藏於導管或線槽內,藏於水泥做成的線槽內,C,
236,電線所採用的導體材料最重要的具備條件是：,防水,防火,電阻低,電阻高,C,
237,目視檢查手提電器之軟線的目的是確定電線：,有沒有受損,長度適中,載流量合適,極性正確,A,
238,一般標準三芯軟線，其導體絕緣皮的顏色分別是：,棕色、藍色、黃色,紅色、藍色、綠色,棕色、藍色、黃綠色,紅色、黑色、黃色,C,
239,固定佈線，不可使用哪種電線？,明線,多芯線,單支線,軟線,D,
240,線槽內的電線應為：,明線,軟線,鋼線外層,單支線,D,
241,電纜的散熱速度與下列那些項目有關：,周圍溫度及安裝方法,電纜直徑,電纜長度,電機重量,A,
242,英國標準BS6004電線，在英國電機工程師學會電線表內以何種溫度作參考：,25°C,30°C,35°C,40°C,B,
243,低溫橡膠電纜的最高工作溫度是：,60°C,65°C,70°C,73°C,A,
244,英國標準B級絕緣的最高容許操作溫度是：,90°C,95°C,110°C,130°C,D,
245,接駁三相100A或以下直駁式電錶銅導體之最大截面積為：,16mm,25mm²,35mm²,50mm²,C,
246,根據《香港電線有限公司》規定，三相裝置其總開關及熔絲額定為160A時，接駁於直駁式電錶之出入錶線應為：,25mm²,35mm²,50mm²,70mm²,D,
247,電力條例是香港法例第幾章：,456章,406章,702章,506章,B,
248,申請為註冊電業承辦商，必須：,僱用一名註冊電業工程人員,必須持有電工C牌,必須是註冊電業工程人員,必須有一名合夥人是,A,
249,持有電工A牌的電工可於下列那項低壓裝置進行工作：,低於三相100A,低於三相200A,低於三相300A,低於三相400A,D,
250,A0級註冊電力工程人員的「0」字是代表：,設計工程,安裝工程,安裝及維修工程,所有電力工程,D,
251,一名註冊電工欲在霓虹光管招牌裝置進行工程，他須持有那准許編碼：,OT,OC,𝚽,NS,D,
252,一個電工要進行安裝固定高壓電力裝置，根據機電工程署「註冊電業工程人員」規例，他須持有下列那級電力工程資格，才可以安裝此類電器裝置？,A級,C級,H級,R級,C,
253,進入電掣房的人士都必須：,自我授權,不需授權,經過授權,機電署註冊人士,C,
254,所有臨時電氣裝置的期限不能超過：,兩個月,三個月,六個月,一年,B,
255,多少安培或以上的電掣房要安裝簡單電路圖：,50安培,100安培,200安培,400安培,B,
256,單相電力裝置，其預料負荷超過多少安培時，則可申請安裝三相四線供電：,30A,60A,100A,200A,B,
257,那項裝置不包括在《IEE佈線規例》內？,醫院,避雷設備,上升總線,車房,B,
258,「工作守則」之主要目的是：,出版提供技術書,為半熟練之電業工程人員提供技術指引,為有興趣參與成為電業工程人員提供技術指引,電業工程人員就如何符合《電力(線路)規則》內的各項法律規定印製,D,
259,兩枝電阻阻值均爲2歐姆，串聯後等效電阻值為：,2歐姆,1歐姆,4歐姆,3歐姆,C,
260,兩枝電阻阻值均爲2歐姆，並聯後等效電阻值為：,2歐姆,1歐姆,4歐姆,3歐姆,B,
261,有三電阻串聯接於一電源，若中間的電阻變大，則電路的總電流？,變大,變小,加強,中斷,B,
262,A、B兩點電壓為：,110V,64V,55V,0V,A,Q262.png
263,V之電壓為：,110V,220V,55V,0V,B,Q263.png
264,有兩個容量分別為15微法拉及30微法拉的電容器，並聯後其總容量為多少？,10微法拉,15微法拉,30微法拉,45微法拉,D,
265,有兩個容量分別為15微法拉及30微法拉的電容器，串聯後其總容量為多少？,10微法拉,15微法拉,30微法拉,45微法拉,A,
266,電容器接於電路上，當工作頻率升高，容抗會：,升高,降低,不變,不穩定,B,
267,有一電阻其色環顏色為棕黑紅，其阻值為：,100Ω,1KΩ,10KΩ,100KΩ,B,
268,下列哪一項並非以歐姆為單位？,阻抗,電阻,電感,電抗,C,
269,為減少觸電危險，電容器應配有：,警報器,放電電阻,漏電跳制,自動斷路裝置,B,
270,電線溫度升高或長度增加會使：,電阻值不變，電流變小,電阻值變小，電流變大,電阻值不變，電流變大,電阻值變大，電流變小,D,
271,普通家庭電燈是採用甚麼方法接駁：,串聯,並聯,混聯,曼聯,B,
272,電容的單位是：,赫茲,焦耳,法拉,亨利,C,
273,電能的單位是什麼？,瓦特,庫倫,伏特,焦耳,D,
274,庫倫是什麼的單位？,電壓,電流,電阻,電量,D,
275,電流經過導體會產生磁場，電流經過線圈則產生什麼？,磁極,電磁鐵,動力,電動機,A,
276,具有很少自由電子的物質稱為：,絕緣體,導體,元素,化合物,A,
277,1mA(毫安)等於？,1A,0.1A,0.01A,0.001A,D,
278,1kΩ等於？,10^-3Ω,10^-6Ω,10^3Ω,10^6Ω,C,
279,1MΩ等於：,10^-3Ω,10^-6Ω,10^3Ω,10^6Ω,D,
280,一度電(1kwh)有多少焦耳(J)能量？,600J,60kJ,36kJ,3.6MJ,D,
281,萬用表用完後，應放置在何檔位：,ACV,DCV,OFF,無所謂,C,
282,電功率的單位是？,瓦特,焦耳,千瓦時,功率,A,
283,原子中帶負電荷的粒子是：,電子,質子,中子,核子,A,
284,裝甲電纜彎位內彎半徑最少為其外直徑多少倍：,3倍,4倍,5倍,6倍,D,
285,線槽闊度不超過100毫米，其鋼板厚度最少為：,1.0毫米,1.2毫米,1.5毫米,3毫米,B,
286,安裝鋼導管每隔多少米直喉長度設置過路箱：,10米,15米,20米,30米,B,
287,安裝燈喉時，每隔多少個彎位應設置一個過路箱？,1,2,3,4,B,
288,380/220伏供電系統的最大預期短路電流是：,24KA,33KA,40KA,80KA,C,
289,上升總線於頂樓的預期短路電流會：,最大,最小,不變,無影響,B,
290,380V供電力系統之最大預期故障電流為：,24仟伏安(24KVA),40仟安(40KA),40兆安(40MA),24兆伏安(24MVA),C,
291,直接自電力公司變壓器獲取低壓電力之總開關式熔斷器，其最低之斷流容量為：,20KA,40KA,60KA,80KA,B,
292,電力公司要求用戶的功率因數最少為：,0.75,0.8,0.85,0.95,C,
293,若利用電容提高功率因數，電容必須與設備：,並聯連接,串聯連接,混聯連接,沒有要求,A,
294,光管電路中電容的作用是：,增加視在功率,提升功率因數,減少功率因數,減少總掣的斷流容量,B,
295,所謂一度電的意思，就是把1000W燈泡接於適當電源後連續使用：,半小時,一小時,一小時半,兩小時,B,
296,電流(I)、電壓(V)及電阻(R)的關係是：,IxR=V,IxV=R,VxR=I,I+R=V,A,
297,電路某電阻為200歐姆，電阻兩端的電壓為220伏特，求該電阻器的電功率？,240瓦特,242瓦特,244瓦特,246瓦特,B,
298,一燈泡發熱時的阻值為1k2接於220V之電源，其電流為？,200mA,4545A,220mA,5A,C,
299,計算電功率時，可用那一種公式？,P=IxR,P=VR,P=VxR²,P=I²xR,D,
300,100W燈泡每天使用8小時，30天後用電若干(每度電1元)：,10元,24元,80元,100元,B,
301,電流增加三倍，則功率是原來的：,3倍,6倍,9倍,12倍,C,
302,220V100W燈泡若接於110V電源，其電功率為：,150W,25W,100W,200W,B,
303,串聯200W、100W、60W和40W燈泡接駁於220V電源時那個較光？,200W,100W,60W,40W,D,
304,並聯200W、100W、60W和40W燈泡接駁220V電源時那個較光？,200W,100W,60W,40W,A,
305,電壓為220V的電源，供電予11支80W的光管，功率因數為0.5，問電流需求量大約為多少？,7A,8A,9A,10A,D,
306,一個10歐姆電阻接於220伏特電壓上，其消耗功率爲：,484瓦,4.84瓦特,484瓦特,4840瓦特,D,
307,2.2千瓦220伏特的電熱水器，其電阻值等於多少歐姆？,21歐姆,22歐姆,23歐姆,24歐姆,B,
308,電力公司是以下列那個數值計算電費？,千瓦小時,千瓦,千伏安,瓦小時,A,
309,根據電力公司供電則例，每一燈位應作多少瓦特計算：,60瓦特,100瓦特,200瓦特,無規定,B,
310,每個5AMCB最多可連接多少個燈位：,10個,13個,14個,15個,A,
311,變壓器的主要作用是什麼？,升壓輸送電力,變流,變壓及變流,變壓,C,
312,右圖符號代表什麼？,雙繞組變壓器,單繞組變壓器,自耦式變壓器,變壓器,A,Q312.png
313,變壓器圈數比為10:1，當其輸入功率為100瓦，其輸出功率為：,10瓦,100瓦,10千瓦,1千瓦,B,
314,一個升壓變壓器之圈數比為1:5，如初級電流為20安培，其次級電流應為多少安培？,4.5安培,4安培,5安培,5.5安培,B,
315,理想的變壓器其電流之變化與圈數成：,正比,反比,無關,不一定,B,
316,一個200V/10V之變壓器圈數比是：,0.043055556,0.055555556,0.084027778,0.834027778,D,
317,以下那一個圖是表示自耦式變壓器？,圖A,圖B,圖C,圖D,D,Q317.png
318,後備發電機連接大廈的供電系統應採用：,三極及地連于開關,四極連鎖開關,普通開關,無規定,B,
319,發電機的後備電源的中性應接往哪裡？,用戶的中性線連接,電力公司,機電署,消防公司,A,
320,無電刷式發電機的電力是由那部份引出到負載？,碳刷,定子,銅環,轉子,B,
321,發電機在停電時的供應用途是：,中央冷氣,消防及緊急用電,照明系統,載貨電梯,B,
322,電力公司要求用戶之電力裝置若超過多少安培則須使用電流互感器連接電錶：,30A,100A,200A,60A,B,
323,電流表拆除互感器須將次級短路，其目的是避免互感器產生：,高壓,高頻,高阻,高感,A,
324,於公眾地方安裝的電流互感器箱，其高度距離地面不應超過：,2.6米,3米,3.6米,3.8米,A,
325,根據BS3939，表示熔斷器的符號為：,符號A,符號B,符號C,符號D,D,Q325.png
326,在多塵的環境中，電力裝置的外殼須有那項程度的保護：,IP00,IPX4,IP4X,IP5X,D,
327,壓縮空氣為第幾類危險品：,第二類,第三類,第四類,第五類,A,
328,右圖符號代表什麼？,單重絕緣,雙重絕緣,匯流排,線槽,B,Q328.png
329,手提電器工具在甚麼情形下，是可以沒有水線？,操作電壓低於220V,雙重絕緣構造,不影響操作,由持有機電署所發牌照的電工使用,B,
330,下圖那個元件是用電感方式工作？,元件A,元件B,元件C,元件D,D,Q330.png
331,變壓器之鐵芯多以鐵片重疊而成，其目的是：,幫助散熱,減低損耗,增加頻率響應,主要製作上較為容易,B,
332,下列那一項是直流電動機的優點：,結構簡單,速度較穩定,有較大扭力及容易控制速度,同等大小有較大的功率輸出,C,
333,電動機應有設備，作為自動隔離之作用：,微型斷路器,接接觸器,熔斷器,超載保護,B,
334,電動機，須安裝甚麼以作安全維修之用：,超載保護,熔斷器,警告牌,隔離開關,D,
335,電動機最高容許起動電流範圍為其滿載電流多少倍(非架空電纜供電)？,0.5-4倍,1-4倍,2-6倍,2.5-6倍,D,
336,三相電動機若以單相供電，結果：,不轉動,正常,轉速慢,反轉方向,A,
337,哪一個符號是代表電動機？,符號A,符號B,符號C,符號D,C,Q337.png
338,電功率單位中一匹等於多少千瓦特：,746,0.75,0.37,0.746,D,
339,右面符號是代表何種電磁開關掣：,常閉,常開,開關,熔絲,B,Q339.png
340,繼電器常閉接點(N.#C.)是指接觸點：,全部時間均閉合,全部時間均開啟,當繼電器通電時才閉合,當繼電器斷電時才閉合,D,Q340.png
341,一個「多點遙控」的電動機起動時，其接駁應：,所有“起動”掣及“停止”掣均串聯接駁,所有“起動”掣及“停止”掣均並聯接駁,所有“起動”掣串聯接駁“停止”掣並聯接駁,所有“起動”掣並聯接駁“停止”掣串聯接駁,D,
342,電磁接觸器若在啟動時發出聲響，即表示：,其中有一相電有對地故障,其中有一相電的保險絲斷了,電磁接觸器的磁場表面骯髒,供,C,
343,過載保護器應用於單相或三相感應電動機上是：,控制電阻,控制電容,控制電壓,控制電流,D,
344,一個「星-角」起動的三相感應電動機，若其滿載容許的線電流為20A，則過載保護器應調較至：,7A,12A,20A,28A,B,
345,電動機的熔斷器應能承受電動機起動時的什麼而不致燒斷：,電流,電壓,電阻,電弧,A,
346,頻率50週之4極電動機，其同步轉速是：,1000轉,1500轉,3000轉,4000轉,B,
347,多大功率的電動機須加過流保護裝置：,0.37W,0.37KW,0.375KW,37KW,B,
348,工業用途的電動機，利用三相比單相較好的原因是什麼？,起動線圈較有效率,三相電機有較佳的工作特性,三相電機安裝較容易,三,B,
349,接於電動機之三條三相電源任意交換兩條，則轉向會：,反轉,不變,不定,不動,A,
350,窗口式冷氣機內的壓縮電動機，當控制器在「Lowcool」的位置時所耗的電功率比「Highcool」的位置為：,高,低,相同,不一定,B,
351,用「星角」起動器接駁電動機，起動電流與直接起動電流之比率為：,1:03,3:01,1:02,2:01,A,
352,電動機使用「星角」起動的目的是：,減低耗電,減低起動電流,增加起動電流,方便起動,B,
353,電動機直接起動電流是滿載電流的多少倍？,2-3倍,4-7倍,8-9倍,10-12倍,B,
354,從天線系統取電的單相電動機若不超過多少千瓦可用直接起動器來起動：,1.5KW,2.2KW,3.8KW,11KW,A,
355,從地線系統取電的單相電動機若不超過多少仟瓦可用直接起動器來起動：,1.5KW,2.2KW,3.8KW,11KW,B,
356,從天線系統取電的三相電動機若不超過多少仟瓦可用直接起動器來起動：,1.5KW,2.2KW,3.8KW,11KW,C,
357,從地線系統取電的三相電動機若不超過多少千瓦可用直接起動器來起動：,1.5KW,2.2KW,3.8KW,11KW,D,
358,若要將三相電動機接成「星-角」起動電路，至少需要多少個接觸器？,1個,2個,3個,4個,C,
359,運行中的三相鼠籠式電動機如一相開路，則：,電流不穩定,扭力減弱,電壓不穩定,扭力增加,B,
360,三相星形接線中，線電壓是相電壓的多少倍：,√3,0.7321,0.637,0.5773,A,
361,電動機𝚫/Y名牌346/200伏特表示：,任意可接200伏特或346伏特,直接起動電壓200伏特，Y形起動346伏特,不可接200伏特/346伏特,𝚫形接法繞組電壓為346伏特，Y形接法繞組電壓為200伏特,D,
362,若一部三相感應電動機不能起動，以下那一項不是它的原因：,熔絲熔斷,轉子線圈開路,定子線圈開路,定子與轉子間開路,D,
363,三相感應電動機以星形方式起動，其線電流比角形起動會大約減少：,2月1日,3月1日,4月1日,5月1日,B,
364,一部15KW的三相交流電動機所用的線電壓為346V，假設此電動機的功率因數為0.85，求此電動機所需的線電流大約為：,25A,30A,40A,50A,B,
365,電力公司規定由2.2KW至11KW之三相電動機，若電源來自電力公司的地線，其啟動電流不得超過滿載電流的：,2.5倍,4倍,6倍,8倍,C,
366,下列那一種是BS4999採用的標誌以表示角形接駁的三相感應電動機的接駁終端：,"L1,L2,L3","A,B,C","R,Y,B","U,V,W",D,
367,以下那一種電動機不能於空載時使用：,串激電動機,並激電動機,複激電動機,以上皆不是,A,
368,三相四線交流電的開關器，其連動開關：,只需截斷相導線,只需截斷中性線,必須截斷相線及中性線,截斷何種導線，視當時環境而,A,
369,若三相低壓掣櫃連接多過一個電力公司變壓器，其總開關必須是：,三極式,三極式並有機械性連鎖,四極式,四極式並有機械性連鎖,D,
370,三相升壓變壓器需安裝：,普通開關,四極連鎖開關,三極及地連于開關,無規定,B,
371,安裝配電箱時用電鑽，應採取甚麼安全措施：,配戴安全帽,配戴眼罩,配戴手套,不需任何措施,B,
372,電線終端或接頭的接駁：,要緊固地安裝,要有很好的絕緣保護,要有良好的機械和電氣性能,在完成後須要有良好信譽的公司簽署,C,
373,在導線的接駁口上錫，其主要作用是：,使接口美麗,使導線不能分開,使接口有機械連接能力,使接口有良好的電氣性能,D,
374,因電氣產生的火警，最適合使用的滅火設備是什麼？,水,泡沫,沙,二氧化碳,D,
375,手部流血不止時，用下列哪種方法最有效：,高舉受傷的手,用止血帶止血,加壓於傷口處,召救傷車,C,
376,搶救觸電者的方法是立刻關上有關電掣，若傷者發覺已暈厥及停止呼吸，應：,立刻上前將傷者移離險境,立刻報警,大聲呼叫求救,立刻上前使用人工呼吸,D,
377,人體觸電致死，是由於那個器官受嚴重傷害？,肝臟,心臟,腎臟,腦,B,
378,觸電是由於人體接觸電力時，受到下列那一項衝擊？,電阻,電流,電壓,電功率,B,
379,人體觸電時，其受傷程度與人體的那些因素有關：,皮膚厚薄,體毛多少,體重有關,高度有關,A,
380,下列那組電池之輸出電壓最高：,組合A,組合B,組合C,組合D,B,Q380.png
381,右圖之電錶讀數為：,0V,20V,-20V,10V,A,Q381.png
382,下列那一種是電錶的正確接駁方法？,接法A,接法B,接法C,接法D,D,Q382.png
383,住宅照明系統設備，其參差因數為：,0.5,0.66,0.75,0.9,B,
384,寫字樓照明系統設備，其參差因數為：,0.5,0.6,0.75,0.9,D,
385,註冊電業工程人員在被扣滿多少分數後，處長會發警告信給他？,5分,10分,15分,3分,B,
386,一個註冊電業工程人員第一次被扣10分，第二次被扣5分，他總數被扣多少分？,5分,7.5分,10分,15分,B,
387,註冊電業工程人員的最少扣分是多少？,1分,3分,5分,10分,A,
388,如果閉合所有開關：,"L1,L2都會亮","L1,L2都不會亮",只有L1會亮,只有L2會亮,B,Q388.png
389,安裝插座距離地面不少於：,50mm,75mm,150mm,200mm,C,
390,一電燈可在兩處不同地方開關之電路，要使用哪些掣？,兩個單路掣,兩個雙路掣,一個單路掣和一個雙路掣,一個雙路掣和一個中途,B,
391,電氣裝置的目視檢查是為確定：,導體連續,絕緣妥當,接地阻抗妥當,電線及終端妥當,D,
392,最能耐火的裝置是哪種導管？,PVC,無縫金屬,焊接,金屬,B,
393,一個理想變壓器之圈數比為10:1，當輸入功率是10W時，輸出功率大約為：,0.1W,1W,10W,100W,C,
394,請說明新電線顏色代碼的顏色系列：,紅/黃/藍/黑/(黃-綠),棕/黑/灰/藍/(黃-綠),黑/棕/紅/藍/(黃-綠),棕/藍/灰/黑/(黃-綠),B,
395,在多相供電的單相裝置的電路中，相線及中性線只可使用下列顏色：,棕(相)-藍(中)或黑(相)-藍(中)或灰(相)-藍(中),棕(相)-藍(中)或灰(相)-藍(中),棕(相)-藍(中),以上皆可,C,
396,在現有單相裝置(電線顏色為紅、黑色)進行加裝新顏色電線工程時，除安裝警告性告示牌外，在新舊電線接駁處還需加裝甚麼標記？,不需加裝標記,新電線近接駁處的相線及中性線需分別加裝L及N的標記,舊電線近接駁處的相線及中性線需分別加裝L及N的標記,新舊電線近接駁處的相線及中性線需分別加裝L及N的標記,A,
397,若在採用舊顏色電線的現有單相配電箱加裝新顏色電線，請說明標示舊色電線的正確方法：,現有配電箱內的電線需要更換,新電線需要加設標記,舊電線需要加設標記,在現有舊顏色電線加設標記並非是強制性的規定,D,
398,在現有採用舊顏色代碼的單相裝置(舊顏色代碼為黃、黑色或藍、黑色)進行加裝工程時，新舊顏色代碼電線接駁處須作何種安全措施？(i)新電線需加裝標記(ii)舊電線需加裝標記(iii)接駁處或其上游配電箱須安裝警告性告示牌,(i),"(ii),(iii)","(i),(iii)",以上皆是,C,
399,在現有單相裝置(電線顏色為藍、黑色)進行加裝新顏色電線工程時，除安裝警告性告示牌外，在新舊電線接駁處還需加裝甚麼標記？,不需加裝標記,新電線近接駁處的相線及中性線需分別加裝L及N的標記,舊電線近接駁處的相線及中性線需分別加裝L及N的標記,新舊電線近接駁處的相線及中性線需分別加裝L及N的標記,B,
400,若有新舊顏色代碼電線接駁在一個三相裝置中：,在配電箱需安裝警告性告示牌,"新電線需在接駁處穿上L1,L2,L3及N的標記","舊電線需在接駁處穿上L1,L2,L3及N的標記","新舊電線需在接駁處穿上L1,L2,L3及N的標記",D,
